mean_fit_time,std_fit_time,mean_score_time,std_score_time,param_n_estimators,param_max_depth,param_learning_rate,params,split0_test_score,split1_test_score,split2_test_score,split3_test_score,split4_test_score,mean_test_score,std_test_score,rank_test_score
0.5314023971557618,0.17816220594661014,0.007836532592773438,0.0033519160956793663,200,3,0.2,"{'n_estimators': 200, 'max_depth': 3, 'learning_rate': 0.2}",-3.2474572458550717,-3.529055529264512,-3.1662221250040297,-2.875309670055709,-3.6593946883132555,-3.2954878516985153,0.2766038023103506,13
0.5625040054321289,0.1421224812740231,0.011771059036254883,0.012951018295824651,200,2,0.1,"{'n_estimators': 200, 'max_depth': 2, 'learning_rate': 0.1}",-7.892577517093257,-7.613047183197492,-7.921657565053201,-7.311232408147407,-7.684002748108654,-7.684503484320002,0.22089563650595093,29
0.3296823024749756,0.11549556716698249,0.013054418563842773,0.009678256565010562,50,6,0.1,"{'n_estimators': 50, 'max_depth': 6, 'learning_rate': 0.1}",-3.866383341964248,-3.5034335141207484,-3.03873188954813,-3.397198206817386,-3.7734724927284824,-3.515843889035799,0.2936382403127168,16
0.3654360771179199,0.11254700874164476,0.010447025299072266,0.0120024343993429,50,6,0.05,"{'n_estimators': 50, 'max_depth': 6, 'learning_rate': 0.05}",-5.997784087659204,-6.1291054837666,-5.2676239689154,-5.835257875318773,-5.578395656350289,-5.761633414402053,0.3078456859187775,24
1.4203467845916748,0.3362259988299766,0.01236896514892578,0.005610681032754417,300,5,0.05,"{'n_estimators': 300, 'max_depth': 5, 'learning_rate': 0.05}",-3.0003071576290647,-3.170425364388679,-2.387604666721017,-2.1908595703166838,-3.020436282562058,-2.753926608323501,0.388957131193626,8
1.535701036453247,0.42787272873377336,0.024970388412475585,0.01675797862993019,300,4,0.05,"{'n_estimators': 300, 'max_depth': 4, 'learning_rate': 0.05}",-3.519946724645734,-4.47666170892292,-2.7618781257692797,-3.0734510019618,-3.5443393166611536,-3.475255375592178,0.5796444439934109,15
1.3700198173522948,0.154699212129787,0.011460113525390624,0.004072811437096639,150,6,0.01,"{'n_estimators': 150, 'max_depth': 6, 'learning_rate': 0.01}",-9.471521133205188,-9.28245678977987,-8.544232696570177,-9.37525446178343,-8.369104612556697,-9.008513938779071,0.45789088596421856,33
0.2668275833129883,0.06107790519351585,0.00814833641052246,0.005420098271756877,50,3,0.2,"{'n_estimators': 50, 'max_depth': 3, 'learning_rate': 0.2}",-5.327256849018771,-5.539965478826568,-5.980104448483681,-4.776219368986464,-5.380642896266787,-5.400837808316455,0.3875245891313459,22
0.22739057540893554,0.034652628535083586,0.005081319808959961,0.0009471200378204408,50,4,0.01,"{'n_estimators': 50, 'max_depth': 4, 'learning_rate': 0.01}",-25.976871672659716,-24.00697925313389,-22.346988561041723,-24.46803379206548,-23.077224010721505,-23.975219457924464,1.2416132987401476,48
0.14518990516662597,0.044101374538033734,0.00534672737121582,0.0009682508778615949,50,2,0.01,"{'n_estimators': 50, 'max_depth': 2, 'learning_rate': 0.01}",-31.94875766336116,-28.3617095227981,-25.923504713134477,-28.399548851403132,-28.01736071975041,-28.530176294089454,1.9385489266142713,50
0.8722609996795654,0.28492236175116126,0.006188106536865234,0.0009004785405973477,200,5,0.01,"{'n_estimators': 200, 'max_depth': 5, 'learning_rate': 0.01}",-8.91991434605454,-8.888132432261186,-8.745668016339895,-8.598611439241477,-8.089047549482128,-8.648274756675846,0.30199560673867054,32
0.1995995044708252,0.062019463934456225,0.0078857421875,0.005613138778253937,50,3,0.05,"{'n_estimators': 50, 'max_depth': 3, 'learning_rate': 0.05}",-12.545473130646359,-11.610889883907415,-12.440619799487866,-10.947365344066242,-11.833334608511743,-11.875536553323924,0.5833446237351856,39
1.807826852798462,0.5496930618127981,0.02258787155151367,0.010989765109975172,200,6,0.1,"{'n_estimators': 200, 'max_depth': 6, 'learning_rate': 0.1}",-2.2222067973900135,-2.222397973555212,-1.9655284838158655,-1.9542665802721955,-2.5802207991403403,-2.1889241268347255,0.22817146964928023,2
1.7095841884613037,0.48508969022364734,0.010809755325317383,0.005911289851203271,200,3,0.05,"{'n_estimators': 200, 'max_depth': 3, 'learning_rate': 0.05}",-5.782216590326101,-5.445351902687154,-5.937434498242339,-5.303462622801437,-5.4197897099020835,-5.577651064791823,0.24037210761853967,23
0.5035507678985596,0.19378768130999402,0.016619396209716798,0.02013670748832414,50,5,0.2,"{'n_estimators': 50, 'max_depth': 5, 'learning_rate': 0.2}",-3.2186619730786847,-3.7298169468903084,-2.5728563173864565,-2.5801981381652745,-4.040791085394858,-3.2284648921831165,0.5935311637768834,12
1.1781853199005128,0.17165346766513728,0.00510096549987793,0.0005688988443919959,300,2,0.01,"{'n_estimators': 300, 'max_depth': 2, 'learning_rate': 0.01}",-17.256286461260554,-15.67130972796751,-16.22637854762425,-15.375507210301356,-16.043081372713154,-16.114512663973365,0.6424673863331719,44
0.3474087715148926,0.1211268283075356,0.006276559829711914,0.0018294570168952392,100,2,0.2,"{'n_estimators': 100, 'max_depth': 2, 'learning_rate': 0.2}",-8.192712217925868,-7.499046759268608,-6.911734813317831,-6.845161672967359,-7.993696726771815,-7.488470438050297,0.5473193024142718,28
0.31272087097167967,0.011983101341497816,0.004894161224365234,0.0013001434173251474,150,2,0.2,"{'n_estimators': 150, 'max_depth': 2, 'learning_rate': 0.2}",-6.96768494371873,-6.840651386772502,-5.796313320072783,-5.673798493290705,-7.127487170113783,-6.481187062793701,0.6171753337120145,26
0.414963960647583,0.012484501398102418,0.005204057693481446,0.0006065456109346094,150,4,0.01,"{'n_estimators': 150, 'max_depth': 4, 'learning_rate': 0.01}",-13.95583670158578,-13.434641149249712,-14.067314245740677,-12.213519266347515,-13.193560688466674,-13.372974410278072,0.6636511973612874,40
0.24656519889831544,0.014811537569560693,0.0055424213409423825,0.001164640468104324,100,3,0.05,"{'n_estimators': 100, 'max_depth': 3, 'learning_rate': 0.05}",-8.739706281635588,-8.393154531666411,-9.193566160134566,-8.076233011024573,-8.469482306723227,-8.574428458236873,0.3748922212085586,31
0.12987422943115234,0.010907876625208085,0.0049269676208496095,0.0022085290239472976,50,3,0.1,"{'n_estimators': 50, 'max_depth': 3, 'learning_rate': 0.1}",-8.668304000057656,-7.826094153067702,-8.791239766286962,-7.6076215217740355,-8.300195985215614,-8.238691085280395,0.4609002444340825,30
0.7571680068969726,0.0570338199169747,0.008227062225341798,0.004573840378584464,200,4,0.2,"{'n_estimators': 200, 'max_depth': 4, 'learning_rate': 0.2}",-2.297375765530575,-2.798282364645952,-1.8205061166503136,-2.060628443151115,-2.6766570227197946,-2.33068994253955,0.36678780727294336,4
0.28324389457702637,0.02483795156503591,0.009602737426757813,0.0073894872972045025,100,2,0.05,"{'n_estimators': 100, 'max_depth': 2, 'learning_rate': 0.05}",-14.216967536061809,-13.638069569268156,-13.935214637515433,-12.95346866262407,-13.79329189660789,-13.707402460415471,0.42241097780477815,41
0.5159566402435303,0.03608878380957013,0.006929969787597657,0.003162869837015095,150,5,0.05,"{'n_estimators': 150, 'max_depth': 5, 'learning_rate': 0.05}",-3.912591977364918,-3.8169665748262034,-3.1430107551944024,-3.15987186976917,-3.8286502851013338,-3.5722182924512054,0.34518459302190424,17
0.8529826641082764,0.034312513447044564,0.007361316680908203,0.0007994753184967389,300,5,0.1,"{'n_estimators': 300, 'max_depth': 5, 'learning_rate': 0.1}",-2.2338421509066073,-2.4133118698555984,-1.7907915304570459,-1.7650920805087262,-2.2784875130320397,-2.0963050289520035,0.26669862001139893,1
0.1384507656097412,0.002301425626895759,0.004057168960571289,0.0003760349741429989,50,5,0.01,"{'n_estimators': 50, 'max_depth': 5, 'learning_rate': 0.01}",-23.576770371989685,-21.739133187099927,-20.664144980194784,-22.07410665262045,-20.488212541676567,-21.708473546716284,1.1139856089089877,47
0.13530497550964354,0.004222354391708462,0.00403437614440918,0.0005611938347888656,50,5,0.05,"{'n_estimators': 50, 'max_depth': 5, 'learning_rate': 0.05}",-7.5923083290745,-6.908056388373153,-6.8367132258260686,-6.68195845848386,-6.860230371251407,-6.975853354601798,0.3174007006484683,27
0.39737448692321775,0.05152190823652374,0.0055370330810546875,0.0017468788360645742,100,6,0.2,"{'n_estimators': 100, 'max_depth': 6, 'learning_rate': 0.2}",-2.487982723819698,-2.4950456098273386,-1.8718588209570517,-2.0156697784791238,-2.8803945407181866,-2.3501902947602793,0.36381075654379536,7
0.7992405891418457,0.05536874284858787,0.009699821472167969,0.00873871621779037,300,3,0.01,"{'n_estimators': 300, 'max_depth': 3, 'learning_rate': 0.01}",-11.36054114009222,-11.006935586738194,-11.771127046862711,-10.09634727863035,-10.83473570033599,-11.013937350531894,0.559929320423314,37
0.5434196949005127,0.04415010885203772,0.006427001953125,0.0011354232441157905,150,6,0.1,"{'n_estimators': 150, 'max_depth': 6, 'learning_rate': 0.1}",-2.375866242677007,-2.3857062514871994,-2.11767439613044,-2.0855338925867666,-2.7030449148289515,-2.333565139542073,0.22322710220059772,5
0.2871194362640381,0.0386930296635771,0.010422992706298827,0.01072155331584976,100,4,0.01,"{'n_estimators': 100, 'max_depth': 4, 'learning_rate': 0.01}",-18.104200566085947,-17.307396001930496,-17.059846916907574,-16.784425458545822,-16.69394864717458,-17.189963518128884,0.5053794550633526,46
0.6130243301391601,0.11662200240030873,0.005735921859741211,0.0004753717889891228,150,6,0.05,"{'n_estimators': 150, 'max_depth': 6, 'learning_rate': 0.05}",-3.018130806948349,-3.2173178394694517,-2.3432437826908865,-2.754838168677275,-3.2954179103221635,-2.925789701621625,0.3460418245923556,10
0.16814255714416504,0.06271677356810818,0.009070014953613282,0.008947427923688744,50,4,0.2,"{'n_estimators': 50, 'max_depth': 4, 'learning_rate': 0.2}",-4.359321254590277,-4.649202282523202,-3.36879924337915,-4.029875202933122,-4.354908408072153,-4.152421278299581,0.4381052472341809,19
0.5010598182678223,0.06372265238694727,0.007305669784545899,0.005186279725094498,200,2,0.05,"{'n_estimators': 200, 'max_depth': 2, 'learning_rate': 0.05}",-10.066382549557327,-10.649603542207656,-10.894635700006033,-9.629564339402677,-10.37299466169961,-10.32263615857466,0.44331514363018626,35
0.6315716743469239,0.023616137883931593,0.0059337615966796875,0.00031614522947583166,200,5,0.2,"{'n_estimators': 200, 'max_depth': 5, 'learning_rate': 0.2}",-2.083810920411104,-2.741679507875637,-1.7764007041627934,-1.7330129812716333,-2.6706494042893287,-2.2011107036020996,0.43033348092104895,3
0.12275905609130859,0.011207251708879644,0.003615713119506836,0.00016908665800647354,50,3,0.01,"{'n_estimators': 50, 'max_depth': 3, 'learning_rate': 0.01}",-29.008551799175514,-26.2286867904802,-24.234212359490183,-25.830044965983287,-25.618895746763272,-26.184078332378494,1.563738377798927,49
0.2742612361907959,0.010795919153093287,0.004552698135375977,0.0003222371035362396,100,5,0.1,"{'n_estimators': 100, 'max_depth': 5, 'learning_rate': 0.1}",-3.3337813606602795,-3.7618777510241332,-2.603052268460167,-2.519181018577069,-3.4717762669318475,-3.137933733130699,0.4915417319138464,11
0.13913545608520508,0.009639239612647786,0.004227113723754883,0.0010572050545495442,50,5,0.1,"{'n_estimators': 50, 'max_depth': 5, 'learning_rate': 0.1}",-4.698516773306017,-4.586330891328987,-3.6936475305416465,-3.7308144174779594,-4.567412465534918,-4.255344415637905,0.4458644105901598,20
0.12891321182250975,0.01853120628020926,0.005672883987426758,0.0042688622454108375,50,4,0.05,"{'n_estimators': 50, 'max_depth': 4, 'learning_rate': 0.05}",-9.63564484880895,-9.46096111822282,-9.639421443955506,-8.349907114526578,-8.936621114501266,-9.204511128003023,0.4985785684935932,34
0.35811986923217776,0.04776155541797436,0.008649778366088868,0.007917358494626598,100,5,0.01,"{'n_estimators': 100, 'max_depth': 5, 'learning_rate': 0.01}",-15.112034872977835,-14.699715032873138,-14.883517047382318,-14.858934783967282,-13.66771579888211,-14.644383507216537,0.5057383296766639,42
1.101216459274292,0.04265044307119802,0.007859039306640624,0.00036825653677131405,300,6,0.05,"{'n_estimators': 300, 'max_depth': 6, 'learning_rate': 0.05}",-2.3917955826377537,-2.527933620526152,-1.8668400593253431,-2.1118296847714033,-2.8285635329187375,-2.345392496035878,0.3324132310682496,6
0.6923439502716064,0.050920948098657326,0.005308008193969727,0.0005657583883833784,300,3,0.05,"{'n_estimators': 300, 'max_depth': 3, 'learning_rate': 0.05}",-4.742322238439934,-4.766547026126105,-4.678775569116903,-4.451994417984136,-4.572667623077788,-4.642461374948973,0.11647917503054436,21
0.3098288536071777,0.009232019385048336,0.0043701171875,0.00037180637380996353,150,3,0.01,"{'n_estimators': 150, 'max_depth': 3, 'learning_rate': 0.01}",-17.494144829526928,-15.91257623387029,-16.13850632341717,-14.613731719753828,-16.17995310568247,-16.067782442450138,0.9154721465617413,43
0.1652696132659912,0.019214257478342756,0.00404667854309082,0.0001581893168388684,50,6,0.2,"{'n_estimators': 50, 'max_depth': 6, 'learning_rate': 0.2}",-2.970784367813267,-3.00577411355205,-2.2668772272151663,-2.3971293054408447,-3.1318600402440757,-2.7544850108530805,0.3515132966530437,9
0.36132168769836426,0.038653963229306205,0.004867744445800781,0.0013206799649042584,150,2,0.05,"{'n_estimators': 150, 'max_depth': 2, 'learning_rate': 0.05}",-11.936507729947278,-11.941934712887013,-12.108700690270242,-11.17048262354915,-11.97614363769039,-11.826753878868814,0.33401071761568674,38
0.9987586498260498,0.03082005433077388,0.007180643081665039,0.001068882351675861,300,5,0.01,"{'n_estimators': 300, 'max_depth': 5, 'learning_rate': 0.01}",-6.3704499090492455,-6.1634787392040336,-6.074133783926157,-5.718589817450569,-6.172715743350569,-6.099873598596115,0.21382375525955905,25
0.27010650634765626,0.035651159621744706,0.005003690719604492,0.00144002695731075,100,3,0.2,"{'n_estimators': 100, 'max_depth': 3, 'learning_rate': 0.2}",-3.9795601818125004,-4.304286085127263,-4.514837119819643,-3.69794226247317,-4.261068921828248,-4.151538914212165,0.283774809965642,18
0.09245505332946777,0.003632465737485033,0.004183673858642578,0.0007343349301748121,50,2,0.05,"{'n_estimators': 50, 'max_depth': 2, 'learning_rate': 0.05}",-18.37176686141636,-16.654861270491338,-17.08101548156894,-16.400921139143335,-17.07502750720352,-17.116718451964697,0.6787985262444387,45
0.39185633659362795,0.03460226432235813,0.005629062652587891,0.0007388550298795385,150,4,0.1,"{'n_estimators': 150, 'max_depth': 4, 'learning_rate': 0.1}",-3.10520732490176,-4.505337860536463,-2.886582099514738,-2.7418141811625025,-3.49259762508084,-3.3463078182392607,0.6323987805402308,14
0.5419746398925781,0.03253535934901174,0.009658050537109376,0.004748563765722947,200,4,0.01,"{'n_estimators': 200, 'max_depth': 4, 'learning_rate': 0.01}",-11.514970614935557,-11.086798771674072,-11.481282389770957,-9.675553670347815,-10.638871902797968,-10.879495469905274,0.6806359340449234,36
