mean_fit_time,std_fit_time,mean_score_time,std_score_time,param_n_estimators,param_min_samples_split,param_min_samples_leaf,param_max_features,param_max_depth,params,split0_test_score,split1_test_score,split2_test_score,split3_test_score,split4_test_score,mean_test_score,std_test_score,rank_test_score
4.703285026550293,0.31920382628439226,0.32529535293579104,0.037740004958182964,1000,2,2,sqrt,20,"{'n_estimators': 1000, 'min_samples_split': 2, 'min_samples_leaf': 2, 'max_features': 'sqrt', 'max_depth': 20}",-5.286520893844235,-5.041935851330426,-4.404017290226547,-4.486161903944052,-4.825377953141259,-4.808802778497304,0.3319002227299035,38
4.818361902236939,0.8094779218396204,0.3517059326171875,0.1012430910078157,1000,5,2,sqrt,20,"{'n_estimators': 1000, 'min_samples_split': 5, 'min_samples_leaf': 2, 'max_features': 'sqrt', 'max_depth': 20}",-5.596257477573957,-5.404560488457114,-4.80024478867243,-4.728467454988758,-5.206555394758093,-5.147217120890071,0.3367862715504254,50
3.1422610759735106,0.7047626958453378,0.19429163932800292,0.038793571439778685,500,5,1,,,"{'n_estimators': 500, 'min_samples_split': 5, 'min_samples_leaf': 1, 'max_features': None, 'max_depth': None}",-4.070809612961916,-4.476178116736388,-3.5546406612964083,-3.335838712909465,-4.16956847709562,-3.9214071161999597,0.4169134244639239,18
3.041191053390503,0.2587316676457809,0.20967645645141603,0.03511332391348751,500,2,2,,30,"{'n_estimators': 500, 'min_samples_split': 2, 'min_samples_leaf': 2, 'max_features': None, 'max_depth': 30}",-4.104658774637591,-4.353695219099817,-3.6652430498367523,-3.304023256406349,-4.256056754646331,-3.936735410925368,0.3944750006970359,22
6.47323169708252,0.15989051112929367,0.3802497386932373,0.06259324225695771,1000,2,1,,20,"{'n_estimators': 1000, 'min_samples_split': 2, 'min_samples_leaf': 1, 'max_features': None, 'max_depth': 20}",-3.182282474392552,-3.9145438994764725,-2.631057583579228,-2.6500409718500997,-3.377646500618787,-3.151114285983428,0.4809670497750411,2
2.199464273452759,0.04638512155095112,0.18421573638916017,0.018790596410435116,500,5,1,sqrt,30,"{'n_estimators': 500, 'min_samples_split': 5, 'min_samples_leaf': 1, 'max_features': 'sqrt', 'max_depth': 30}",-5.285657949083403,-5.1009559834847655,-4.542458601088902,-4.494696743794995,-4.842238092846327,-4.853201474059679,0.30776870217172037,40
3.024773359298706,0.2268450958700114,0.15915155410766602,0.045614862494629475,500,2,1,,40,"{'n_estimators': 500, 'min_samples_split': 2, 'min_samples_leaf': 1, 'max_features': None, 'max_depth': 40}",-3.207238323941035,-3.8783743298586124,-2.662353244378656,-2.654120350645763,-3.3889962447481694,-3.158216498714447,0.46352627234804505,3
2.349540424346924,0.21354847643508476,0.13998942375183104,0.04817097623918797,500,5,2,,,"{'n_estimators': 500, 'min_samples_split': 5, 'min_samples_leaf': 2, 'max_features': None, 'max_depth': None}",-4.311429311743595,-4.531616607747198,-3.8728287374125725,-3.4837276018320997,-4.438534189159859,-4.127627289579065,0.3932385440974589,28
1.8123053550720214,0.2733356466731742,0.10910935401916504,0.03326184315189667,500,5,1,sqrt,20,"{'n_estimators': 500, 'min_samples_split': 5, 'min_samples_leaf': 1, 'max_features': 'sqrt', 'max_depth': 20}",-5.285657949083403,-5.09687018411303,-4.5482583552771345,-4.494696743794995,-4.842238092846327,-4.853544265022977,0.3059505184056383,42
4.7652476787567135,0.6496058356925948,0.32506961822509767,0.12269119023668357,1000,5,2,,50,"{'n_estimators': 1000, 'min_samples_split': 5, 'min_samples_leaf': 2, 'max_features': None, 'max_depth': 50}",-4.2815361047405505,-4.604358342604875,-3.8227710804101687,-3.476862611257714,-4.445033775145584,-4.126112382831778,0.4166840043703273,26
0.3361807346343994,0.02975513355381551,0.025969791412353515,0.002983168084426983,200,2,2,sqrt,,"{'n_estimators': 200, 'min_samples_split': 2, 'min_samples_leaf': 2, 'max_features': 'sqrt', 'max_depth': None}",-5.42041309585508,-4.966675946572855,-4.380100574294877,-4.396478590513273,-4.767252647052381,-4.786184170857693,0.3878031304016815,32
4.376196432113647,0.831831997960712,0.3710948944091797,0.11337281865769858,1000,2,1,sqrt,30,"{'n_estimators': 1000, 'min_samples_split': 2, 'min_samples_leaf': 1, 'max_features': 'sqrt', 'max_depth': 30}",-3.8509885503429953,-3.654083060810319,-2.9982435210022365,-3.2209838255297325,-3.3592716466737294,-3.416714120871802,0.30386375994907644,11
4.892152452468872,0.4573026836930063,0.32863731384277345,0.09831606904100507,1000,5,2,,,"{'n_estimators': 1000, 'min_samples_split': 5, 'min_samples_leaf': 2, 'max_features': None, 'max_depth': None}",-4.2815361047405505,-4.604358342604875,-3.8227710804101687,-3.476862611257714,-4.445033775145584,-4.126112382831778,0.4166840043703273,26
1.0871938705444335,0.023626709491634233,0.0831871509552002,0.016477624106131315,200,2,1,sqrt,20,"{'n_estimators': 200, 'min_samples_split': 2, 'min_samples_leaf': 1, 'max_features': 'sqrt', 'max_depth': 20}",-4.018310284139216,-3.7384259353502065,-2.9041803539987394,-3.2268591410773433,-3.413566788632672,-3.4602685006396356,0.38850410460800167,14
3.747531700134277,0.417936526921425,0.26919379234313967,0.09027063117533753,1000,5,1,sqrt,40,"{'n_estimators': 1000, 'min_samples_split': 5, 'min_samples_leaf': 1, 'max_features': 'sqrt', 'max_depth': 40}",-5.337545733454578,-5.118517843448596,-4.46243346889196,-4.518902821457542,-4.865385108425003,-4.860556995135536,0.33743600369958565,43
2.204776477813721,0.2688359301812839,0.17441940307617188,0.025031177000143155,500,2,2,sqrt,40,"{'n_estimators': 500, 'min_samples_split': 2, 'min_samples_leaf': 2, 'max_features': 'sqrt', 'max_depth': 40}",-5.29338697165552,-5.002025418671433,-4.4018552745492485,-4.478884161386454,-4.7928095410204214,-4.793792273456615,0.33037512047902695,35
2.603949689865112,0.14642578959027602,0.15744972229003906,0.03860854391446928,500,2,1,sqrt,50,"{'n_estimators': 500, 'min_samples_split': 2, 'min_samples_leaf': 1, 'max_features': 'sqrt', 'max_depth': 50}",-3.8626653361387437,-3.65551834553194,-2.969551511238022,-3.182992753271869,-3.3283867090051573,-3.3998229310371464,0.32151366734799164,9
1.2532959938049317,0.03453979265543174,0.07073035240173339,0.010009644130506994,200,2,1,,,"{'n_estimators': 200, 'min_samples_split': 2, 'min_samples_leaf': 1, 'max_features': None, 'max_depth': None}",-3.284104832533996,-3.9968667463066447,-2.6905547597133537,-2.6618712158860065,-3.461947199434852,-3.219068950774971,0.5015945546437092,6
2.137676811218262,0.1281751324676133,0.1618072509765625,0.024102128151120412,500,5,1,sqrt,40,"{'n_estimators': 500, 'min_samples_split': 5, 'min_samples_leaf': 1, 'max_features': 'sqrt', 'max_depth': 40}",-5.285657949083403,-5.1009559834847655,-4.542458601088902,-4.494696743794995,-4.842238092846327,-4.853201474059679,0.30776870217172037,40
5.216141223907471,0.29894631766276075,0.3207851409912109,0.047656200256518115,1000,2,2,,50,"{'n_estimators': 1000, 'min_samples_split': 2, 'min_samples_leaf': 2, 'max_features': None, 'max_depth': 50}",-4.081456403375479,-4.426073834851414,-3.6206930230759466,-3.298864048585764,-4.242520503934659,-3.9339215627646524,0.4148792255575258,20
4.255962133407593,0.3779505937265604,0.34310545921325686,0.07130464091356624,1000,5,1,sqrt,30,"{'n_estimators': 1000, 'min_samples_split': 5, 'min_samples_leaf': 1, 'max_features': 'sqrt', 'max_depth': 30}",-5.337545733454578,-5.118517843448596,-4.46243346889196,-4.518902821457542,-4.865385108425003,-4.860556995135536,0.33743600369958565,43
0.9799952507019043,0.07573626099188878,0.0843468189239502,0.013617758271882057,200,5,2,sqrt,20,"{'n_estimators': 200, 'min_samples_split': 5, 'min_samples_leaf': 2, 'max_features': 'sqrt', 'max_depth': 20}",-5.6226700576673,-5.241483329780853,-4.661761735549283,-4.647290332095407,-5.1893485152845304,-5.072510794075474,0.37266747016680285,45
2.4202059268951417,0.264483565094345,0.15045719146728515,0.05059027945049642,500,2,2,,20,"{'n_estimators': 500, 'min_samples_split': 2, 'min_samples_leaf': 2, 'max_features': None, 'max_depth': 20}",-4.104658774637591,-4.353695219099817,-3.6652430498367523,-3.304023256406349,-4.256181221766915,-3.9367603043494848,0.3944951541615363,23
1.8755647659301757,0.5511202109385013,0.20110125541687013,0.09033941529117402,500,5,2,sqrt,30,"{'n_estimators': 500, 'min_samples_split': 5, 'min_samples_leaf': 2, 'max_features': 'sqrt', 'max_depth': 30}",-5.583763890604967,-5.3469474281374225,-4.8045698469952685,-4.628869993305161,-5.184825756377594,-5.109795383084083,0.34956219873602795,47
0.8769008636474609,0.08901395319029681,0.0651319980621338,0.015361093168208535,200,2,2,sqrt,20,"{'n_estimators': 200, 'min_samples_split': 2, 'min_samples_leaf': 2, 'max_features': 'sqrt', 'max_depth': 20}",-5.42041309585508,-4.95532421902731,-4.380100574294877,-4.396478590513273,-4.767252647052381,-4.783913825348584,0.38677167481527713,31
1.111356782913208,0.38408288251583067,0.07096858024597168,0.03860269109175318,200,2,1,sqrt,,"{'n_estimators': 200, 'min_samples_split': 2, 'min_samples_leaf': 1, 'max_features': 'sqrt', 'max_depth': None}",-4.022798568446271,-3.7504073925382038,-2.8996782974432658,-3.2201939718460286,-3.407265100321958,-3.4600686661191453,0.3937834353677018,13
0.6933987617492676,0.1385006016677843,0.047383689880371095,0.012633013973095839,200,5,1,sqrt,,"{'n_estimators': 200, 'min_samples_split': 5, 'min_samples_leaf': 1, 'max_features': 'sqrt', 'max_depth': None}",-5.261239547111918,-4.9419838488435515,-4.4595563166502075,-4.509869807079115,-4.841682107183575,-4.802866325373673,0.294847446142253,36
0.6062972545623779,0.06564140907661253,0.048506546020507815,0.0030019592356732576,200,2,2,sqrt,50,"{'n_estimators': 200, 'min_samples_split': 2, 'min_samples_leaf': 2, 'max_features': 'sqrt', 'max_depth': 50}",-5.42041309585508,-4.966675946572855,-4.380100574294877,-4.396478590513273,-4.767252647052381,-4.786184170857693,0.3878031304016815,32
2.0946258068084718,0.5406798711164523,0.12810492515563965,0.0551592202549366,500,5,1,,40,"{'n_estimators': 500, 'min_samples_split': 5, 'min_samples_leaf': 1, 'max_features': None, 'max_depth': 40}",-4.070809612961916,-4.476178116736388,-3.5546406612964083,-3.335838712909465,-4.16956847709562,-3.9214071161999597,0.4169134244639239,18
2.582491874694824,0.6734138105489776,0.13944649696350098,0.06539066592208276,500,2,1,,50,"{'n_estimators': 500, 'min_samples_split': 2, 'min_samples_leaf': 1, 'max_features': None, 'max_depth': 50}",-3.207238323941035,-3.8783743298586124,-2.662353244378656,-2.654120350645763,-3.3889962447481694,-3.158216498714447,0.46352627234804505,3
1.135665273666382,0.16445256833971567,0.06716403961181641,0.017114517424470697,200,2,1,,20,"{'n_estimators': 200, 'min_samples_split': 2, 'min_samples_leaf': 1, 'max_features': None, 'max_depth': 20}",-3.2839683573528085,-3.9970753999773128,-2.69162692696422,-2.6591078156222885,-3.4661454774133422,-3.2195847954659946,0.5024545768275195,8
1.0534183025360107,0.19511468603345167,0.08338756561279297,0.018842512385385132,200,2,2,,40,"{'n_estimators': 200, 'min_samples_split': 2, 'min_samples_leaf': 2, 'max_features': None, 'max_depth': 40}",-4.163502592822944,-4.425680173445632,-3.6226620696879874,-3.3097199689506143,-4.312447699174703,-3.9668025008163754,0.4287004403546968,24
2.3086931228637697,0.10825815246760041,0.18556451797485352,0.041742972983524036,500,5,2,sqrt,,"{'n_estimators': 500, 'min_samples_split': 5, 'min_samples_leaf': 2, 'max_features': 'sqrt', 'max_depth': None}",-5.583763890604967,-5.3469474281374225,-4.8045698469952685,-4.628869993305161,-5.184825756377594,-5.109795383084083,0.34956219873602795,47
1.250969648361206,0.18823321866338286,0.0884162425994873,0.009947554974912065,200,2,1,,50,"{'n_estimators': 200, 'min_samples_split': 2, 'min_samples_leaf': 1, 'max_features': None, 'max_depth': 50}",-3.284104832533996,-3.9968667463066447,-2.6905547597133537,-2.6618712158860065,-3.461947199434852,-3.219068950774971,0.5015945546437092,6
5.466234350204468,0.16819136936885365,0.36137542724609373,0.0444403219358297,1000,2,2,,30,"{'n_estimators': 1000, 'min_samples_split': 2, 'min_samples_leaf': 2, 'max_features': None, 'max_depth': 30}",-4.081456403375479,-4.426073834851414,-3.6206930230759466,-3.298864048585764,-4.242520503934659,-3.9339215627646524,0.4148792255575258,20
5.431946420669556,0.17169194412055125,0.3557694911956787,0.040991254820630756,1000,2,1,sqrt,50,"{'n_estimators': 1000, 'min_samples_split': 2, 'min_samples_leaf': 1, 'max_features': 'sqrt', 'max_depth': 50}",-3.8509885503429953,-3.654083060810319,-2.9982435210022365,-3.2209838255297325,-3.3592716466737294,-3.416714120871802,0.30386375994907644,11
1.0469346046447754,0.062275981775580976,0.0662409782409668,0.01066586489005903,200,2,2,,20,"{'n_estimators': 200, 'min_samples_split': 2, 'min_samples_leaf': 2, 'max_features': None, 'max_depth': 20}",-4.163502592822944,-4.425680173445632,-3.6226620696879874,-3.3097199689506143,-4.312447699174703,-3.9668025008163754,0.4287004403546968,24
5.29670467376709,0.21887015010311975,0.3854320526123047,0.05285592993014119,1000,5,1,,30,"{'n_estimators': 1000, 'min_samples_split': 5, 'min_samples_leaf': 1, 'max_features': None, 'max_depth': 30}",-4.046030641869854,-4.533406695384499,-3.507299317791339,-3.3465262596700387,-4.172165605918137,-3.9210857041267735,0.43701878211742684,15
2.0937286853790282,0.1631536946620001,0.16539888381958007,0.02546073612102249,500,5,2,sqrt,50,"{'n_estimators': 500, 'min_samples_split': 5, 'min_samples_leaf': 2, 'max_features': 'sqrt', 'max_depth': 50}",-5.583763890604967,-5.3469474281374225,-4.8045698469952685,-4.628869993305161,-5.184825756377594,-5.109795383084083,0.34956219873602795,47
1.0316495418548584,0.10559876004168305,0.0689962387084961,0.012482213729269572,200,5,2,,,"{'n_estimators': 200, 'min_samples_split': 5, 'min_samples_leaf': 2, 'max_features': None, 'max_depth': None}",-4.36603033490337,-4.633654934122513,-3.8222801267410906,-3.4887049339690135,-4.502012310052085,-4.162536527957615,0.4355294535039672,29
1.0317362308502198,0.05970215471649977,0.06905369758605957,0.01723622265239572,200,5,2,,20,"{'n_estimators': 200, 'min_samples_split': 5, 'min_samples_leaf': 2, 'max_features': None, 'max_depth': 20}",-4.36603033490337,-4.633654934122513,-3.8222801267410906,-3.4887049339690135,-4.502012310052085,-4.162536527957615,0.4355294535039672,29
3.1674143791198732,0.0668481752600607,0.15846891403198243,0.03402037862295041,500,2,1,,20,"{'n_estimators': 500, 'min_samples_split': 2, 'min_samples_leaf': 1, 'max_features': None, 'max_depth': 20}",-3.2060136453909975,-3.880958373579008,-2.661618673470156,-2.654945815178535,-3.392838947851716,-3.1592750910940826,0.46466617187121834,5
0.8851201057434082,0.09468540685422402,0.08719182014465332,0.023133897582392194,200,5,2,sqrt,30,"{'n_estimators': 200, 'min_samples_split': 5, 'min_samples_leaf': 2, 'max_features': 'sqrt', 'max_depth': 30}",-5.6226700576673,-5.241483329780853,-4.661761735549283,-4.647290332095407,-5.1893485152845304,-5.072510794075474,0.37266747016680285,45
2.6210407257080077,0.05166160930695015,0.1909780979156494,0.03923883922684441,500,5,1,,20,"{'n_estimators': 500, 'min_samples_split': 5, 'min_samples_leaf': 1, 'max_features': None, 'max_depth': 20}",-4.070792771330569,-4.476178116736388,-3.5546406612964083,-3.335838712909465,-4.169558860169541,-3.9214018244884743,0.4169110725957809,17
6.608454465866089,0.22536917029223436,0.33155078887939454,0.024997165979386088,1000,2,1,,50,"{'n_estimators': 1000, 'min_samples_split': 2, 'min_samples_leaf': 1, 'max_features': None, 'max_depth': 50}",-3.183124876959769,-3.9131664054306134,-2.631256541677578,-2.6493416495999647,-3.375835354448872,-3.1505449656233595,0.4804734959621538,1
2.769036626815796,0.19260606887234688,0.19192242622375488,0.029073056609693025,500,2,1,sqrt,40,"{'n_estimators': 500, 'min_samples_split': 2, 'min_samples_leaf': 1, 'max_features': 'sqrt', 'max_depth': 40}",-3.8626653361387437,-3.65551834553194,-2.969551511238022,-3.182992753271869,-3.3283867090051573,-3.3998229310371464,0.32151366734799164,9
5.394244623184204,0.25431682219420837,0.3351418495178223,0.05785175063041031,1000,5,1,,,"{'n_estimators': 1000, 'min_samples_split': 5, 'min_samples_leaf': 1, 'max_features': None, 'max_depth': None}",-4.046030641869854,-4.533406695384499,-3.507299317791339,-3.3465262596700387,-4.172165605918137,-3.9210857041267735,0.43701878211742684,15
0.9191235065460205,0.10378451007461048,0.07147679328918458,0.02013576721689187,200,2,2,sqrt,40,"{'n_estimators': 200, 'min_samples_split': 2, 'min_samples_leaf': 2, 'max_features': 'sqrt', 'max_depth': 40}",-5.42041309585508,-4.966675946572855,-4.380100574294877,-4.396478590513273,-4.767252647052381,-4.786184170857693,0.3878031304016815,32
4.424376153945923,0.140602722270642,0.3656930923461914,0.01778003733450801,1000,2,2,sqrt,30,"{'n_estimators': 1000, 'min_samples_split': 2, 'min_samples_leaf': 2, 'max_features': 'sqrt', 'max_depth': 30}",-5.284629020497203,-5.043838927477472,-4.404017290226547,-4.486161903944052,-4.825377953141259,-4.808805019057306,0.3316250188811553,39
0.9394749641418457,0.1343291856209324,0.0816307544708252,0.013922658039737522,200,5,1,sqrt,20,"{'n_estimators': 200, 'min_samples_split': 5, 'min_samples_leaf': 1, 'max_features': 'sqrt', 'max_depth': 20}",-5.261239547111918,-4.9419838488435515,-4.4595563166502075,-4.509869807079115,-4.841682107183575,-4.802866325373673,0.294847446142253,36
